response_id,survey_date,teacher_id,school_id,school_name,region,teaching_experience_years,grade_level,subject_area,class_size,intervention_status,intervention_duration_months,intervention_component_1,intervention_component_2,intervention_component_3,intervention_component_4,b1_overall_performance,b2_problem_solving,b3_critical_thinking,b4_collaboration,b5_communication,b6_engagement,b7_behavior,b8_persistence,c1_performance_change,c2_problem_solving_change,c3_engagement_change,c4_communication_change,c5_behavior_change,d1_intervention_impact,d2_skill_most_improved_1,d2_skill_most_improved_2,d2_skill_most_improved_3,d3_component_rank_1,d3_component_rank_2,d3_component_rank_3,e1_important_element_1,e1_important_element_2,e1_important_element_3,e2_teaching_practice_change,f1_performance_factors,f2_effective_practice,f3_challenges,f4_additional_comments
001,2024-09-15,T001,S001,Lincoln Elementary,Region_1,10,Grade_5,Math,25,Treatment,12,1,1,0,0,4,4,4,3,4,5,4,4,4,4,5,4,4,4,Problem-solving,Communication,Engagement,ComponentA,ComponentB,ComponentC,Clear_objectives,Active_engagement,Prior_knowledge,Moderate,Text response here,Text response here,Text response here,Text response here
002,2024-09-16,T002,S001,Lincoln Elementary,Region_1,5,Grade_3,Reading,30,Treatment,12,1,1,0,0,3,3,3,4,3,4,3,3,3,3,4,3,3,3,Engagement,Collaboration,,,ComponentB,ComponentA,ComponentC,Active_engagement,Motivation,Supportive_environment,Significant,,,
003,2024-09-16,T003,S002,Washington Middle,Region_1,15,Grade_7,Science,22,Control,0,0,0,0,0,3,3,4,3,3,3,4,3,2,2,2,2,3,NA,,,,,,,Clear_objectives,Personalized_learning,Supportive_environment,No_change,,,
004,2024-09-17,T004,S002,Washington Middle,Region_1,7,Grade_6,Social_Studies,28,Control,0,0,0,0,0,4,3,3,3,4,3,4,3,3,3,3,3,3,NA,,,,,,,Active_engagement,Real_world_application,Motivation,No_change,,,
005,2024-09-18,T005,S003,Roosevelt High,Region_2,20,Grade_10,Math,18,Treatment,24,1,1,1,1,5,5,5,4,5,5,5,5,5,5,5,5,5,5,Problem-solving,Critical_thinking,Communication,ComponentA,ComponentC,ComponentB,Active_engagement,Clear_objectives,Regular_feedback,Significant,,,
006,2024-09-18,T006,S003,Roosevelt High,Region_2,3,Grade_9,English,24,Treatment,24,1,1,1,1,4,4,4,5,5,4,4,4,4,4,4,5,4,4,Communication,Collaboration,Engagement,ComponentB,ComponentA,ComponentC,Supportive_environment,Active_engagement,Motivation,Moderate,,,
007,2024-09-19,T007,S004,Jefferson Elementary,Region_2,12,Grade_4,All_subjects,20,Control,0,0,0,0,0,3,3,3,3,3,3,3,3,2,2,2,2,2,NA,,,,,,,Clear_objectives,Personalized_learning,Prior_knowledge,No_change,,,
008,2024-09-20,T008,S005,Adams Middle,Region_3,8,Grade_8,Math,26,Treatment,6,1,0,0,0,3,4,3,3,3,4,3,4,3,4,4,3,3,3,Problem-solving,Engagement,,ComponentA,,,,Active_engagement,Clear_objectives,Motivation,Minor,,,
009,2024-09-20,T009,S005,Adams Middle,Region_3,18,Grade_7,Science,23,Treatment,6,1,0,0,0,4,4,4,4,4,4,4,4,3,4,4,4,4,3,Problem-solving,Critical_thinking,Engagement,ComponentA,,,Clear_objectives,Active_engagement,Real_world_application,Minor,,,
010,2024-09-21,T010,S006,Madison High,Region_3,6,Grade_11,History,19,Control,0,0,0,0,0,4,3,4,3,4,3,4,3,3,3,3,3,3,NA,,,,,,,Active_engagement,Prior_knowledge,Supportive_environment,No_change,,,






